1	67395837	.	C	A	530.06	.	AC=2;AF=1;AN=2;DP=22;ExcessHet=0;FS=0;MLEAC=2;MLEAF=1;MQ=60;QD=24.09;SOR=0.693
1	179551371	.	G	A	406.06	.	AC=2;AF=1;AN=2;DP=17;ExcessHet=0;FS=0;MLEAC=2;MLEAF=1;MQ=60;QD=23.89;SOR=0.804
10	98459557	.	G	A	604.06	.	AC=2;AF=1;AN=2;DP=25;ExcessHet=0;FS=0;MLEAC=2;MLEAF=1;MQ=60;QD=24.16;SOR=0.77
11	16111867	.	A	G	154.64	.	AC=1;AF=0.5;AN=2;BaseQRankSum=0;DP=9;ExcessHet=0;FS=0;MLEAC=1;MLEAF=0.5;MQ=60;MQRankSum=0;QD=17.18;ReadPosRankSum=0.792;SOR=0.368
13	38859469	.	A	G	132.64	.	AC=1;AF=0.5;AN=2;BaseQRankSum=0;DP=12;ExcessHet=0;FS=2.632;MLEAC=1;MLEAF=0.5;MQ=60;MQRankSum=0;QD=12.06;ReadPosRankSum=-0.886;SOR=0.595
17	59886176	.	A	G	481.06	.	AC=2;AF=1;AN=2;DP=20;ExcessHet=0;FS=0;MLEAC=2;MLEAF=1;MQ=60;QD=24.05;SOR=0.693
18	23833905	.	T	C	258.06	.	AC=2;AF=1;AN=2;DP=11;ExcessHet=0;FS=0;MLEAC=2;MLEAF=1;MQ=60;QD=23.46;SOR=1.802
18	23833944	.	GTCT	G,GT	163.02	.	AC=1,1;AF=0.5,0.5;AN=2;BaseQRankSum=-1.15;DP=10;ExcessHet=0;FS=0;MLEAC=1,1;MLEAF=0.5,0.5;MQ=60;MQRankSum=0;QD=20.38;ReadPosRankSum=0.157;SOR=2.833
18	63987229	.	A	G	332.06	.	AC=2;AF=1;AN=2;DP=14;ExcessHet=0;FS=0;MLEAC=2;MLEAF=1;MQ=60;QD=23.72;SOR=0.693
20	6119441	.	A	G	109.96	.	AC=2;AF=1;AN=2;DP=5;ExcessHet=0;FS=0;MLEAC=2;MLEAF=1;MQ=60;QD=21.99;SOR=1.981
20	6119476	.	TCTG	T	40.71	.	AC=1;AF=0.5;AN=2;BaseQRankSum=0;DP=5;ExcessHet=0;FS=0;MLEAC=1;MLEAF=0.5;MQ=60;MQRankSum=0;QD=10.18;ReadPosRankSum=0.674;SOR=0.693
21	42903480	.	T	G	515.06	.	AC=2;AF=1;AN=2;DP=23;ExcessHet=0;FS=0;MLEAC=2;MLEAF=1;MQ=60;QD=23.41;SOR=0.693
22	38782696	.	A	G	382.06	.	AC=2;AF=1;AN=2;DP=16;ExcessHet=0;FS=0;MLEAC=2;MLEAF=1;MQ=60;QD=23.88;SOR=0.693
3	4362083	.	A	G	361.06	.	AC=2;AF=1;AN=2;DP=15;ExcessHet=0;FS=0;MLEAC=2;MLEAF=1;MQ=60;QD=24.07;SOR=0.818
5	83538811	.	T	C	223.64	.	AC=1;AF=0.5;AN=2;BaseQRankSum=1.187;DP=22;ExcessHet=0;FS=0;MLEAC=1;MLEAF=0.5;MQ=60;MQRankSum=0;QD=10.17;ReadPosRankSum=-0.036;SOR=0.693
8	120216440	.	A	C	251.64	.	AC=1;AF=0.5;AN=2;BaseQRankSum=0;DP=27;ExcessHet=0;FS=0;MLEAC=1;MLEAF=0.5;MQ=60;MQRankSum=0;QD=9.68;ReadPosRankSum=-0.083;SOR=0.693
8	123975238	.	T	C	367.64	.	AC=1;AF=0.5;AN=2;BaseQRankSum=-0.966;DP=31;ExcessHet=0;FS=1.938;MLEAC=1;MLEAF=0.5;MQ=60;MQRankSum=0;QD=12.25;ReadPosRankSum=-0.802;SOR=0.38
9	76706955	.	C	T	332.06	.	AC=2;AF=1;AN=2;DP=16;ExcessHet=0;FS=0;MLEAC=2;MLEAF=1;MQ=60;QD=23.72;SOR=0.693
9	97428498	.	A	G	564.06	.	AC=2;AF=1;AN=2;DP=25;ExcessHet=0;FS=0;MLEAC=2;MLEAF=1;MQ=60;QD=23.5;SOR=0.693
9	101371346	.	C	T	80.64	.	AC=1;AF=0.5;AN=2;BaseQRankSum=0;DP=12;ExcessHet=0;FS=0;MLEAC=1;MLEAF=0.5;MQ=60;MQRankSum=0;QD=6.72;ReadPosRankSum=0.473;SOR=0.446
9	122629130	.	A	G	627.06	.	AC=2;AF=1;AN=2;DP=27;ExcessHet=0;FS=0;MLEAC=2;MLEAF=1;MQ=60;QD=24.12;SOR=0.846
X	112454808	.	T	C	98.73	.	AC=1;AF=0.5;AN=2;BaseQRankSum=0;DP=6;ExcessHet=0;FS=0;MLEAC=1;MLEAF=0.5;MQ=60;MQRankSum=0;QD=16.45;ReadPosRankSum=0;SOR=2.303
